[
  {
    "id": 1,
    "cart_id": 5,
    "product_id": 2,
    "quantity": 1,
    "price": "4299.99"
  },
  {
    "id": 2,
    "cart_id": 7,
    "product_id": 2,
    "quantity": 1,
    "price": "4299.99"
  },
  {
    "id": 3,
    "cart_id": 8,
    "product_id": 2,
    "quantity": 1,
    "price": "4299.99"
  },
  {
    "id": 4,
    "cart_id": 13,
    "product_id": 2,
    "quantity": 1,
    "price": "4299.99"
  },
  {
    "id": 5,
    "cart_id": 14,
    "product_id": 4,
    "quantity": 1,
    "price": "89.99"
  },
  {
    "id": 6,
    "cart_id": 17,
    "product_id": 2,
    "quantity": 1,
    "price": "4299.99"
  },
  {
    "id": 7,
    "cart_id": 18,
    "product_id": 2,
    "quantity": 1,
    "price": "4299.99"
  },
  {
    "id": 10,
    "cart_id": 23,
    "product_id": 2,
    "quantity": 1,
    "price": "4299.99"
  }
]