[
  {
    "id": 1,
    "user_id": null,
    "created_at": "2025-05-01T23:56:18.184Z",
    "updated_at": "2025-05-01T23:56:18.184Z"
  },
  {
    "id": 2,
    "user_id": null,
    "created_at": "2025-05-01T23:56:20.344Z",
    "updated_at": "2025-05-01T23:56:20.344Z"
  },
  {
    "id": 3,
    "user_id": null,
    "created_at": "2025-05-02T00:13:15.006Z",
    "updated_at": "2025-05-02T00:13:15.006Z"
  },
  {
    "id": 4,
    "user_id": null,
    "created_at": "2025-05-02T00:15:17.487Z",
    "updated_at": "2025-05-02T00:15:17.487Z"
  },
  {
    "id": 5,
    "user_id": null,
    "created_at": "2025-05-02T00:15:28.367Z",
    "updated_at": "2025-05-02T00:15:28.367Z"
  },
  {
    "id": 6,
    "user_id": null,
    "created_at": "2025-05-02T00:17:44.648Z",
    "updated_at": "2025-05-02T00:17:44.648Z"
  },
  {
    "id": 7,
    "user_id": null,
    "created_at": "2025-05-02T00:19:14.876Z",
    "updated_at": "2025-05-02T00:19:14.876Z"
  },
  {
    "id": 8,
    "user_id": null,
    "created_at": "2025-05-02T00:19:22.093Z",
    "updated_at": "2025-05-02T00:19:22.093Z"
  },
  {
    "id": 9,
    "user_id": null,
    "created_at": "2025-05-02T00:19:41.514Z",
    "updated_at": "2025-05-02T00:19:41.514Z"
  },
  {
    "id": 10,
    "user_id": null,
    "created_at": "2025-05-02T00:23:57.153Z",
    "updated_at": "2025-05-02T00:23:57.153Z"
  },
  {
    "id": 11,
    "user_id": null,
    "created_at": "2025-05-02T00:24:27.946Z",
    "updated_at": "2025-05-02T00:24:27.946Z"
  },
  {
    "id": 12,
    "user_id": null,
    "created_at": "2025-05-02T00:25:29.215Z",
    "updated_at": "2025-05-02T00:25:29.215Z"
  },
  {
    "id": 13,
    "user_id": null,
    "created_at": "2025-05-02T00:25:38.282Z",
    "updated_at": "2025-05-02T00:25:38.282Z"
  },
  {
    "id": 14,
    "user_id": null,
    "created_at": "2025-05-02T00:25:47.057Z",
    "updated_at": "2025-05-02T00:25:47.057Z"
  },
  {
    "id": 15,
    "user_id": null,
    "created_at": "2025-05-02T00:26:04.432Z",
    "updated_at": "2025-05-02T00:26:04.432Z"
  },
  {
    "id": 16,
    "user_id": null,
    "created_at": "2025-05-02T00:30:00.397Z",
    "updated_at": "2025-05-02T00:30:00.397Z"
  },
  {
    "id": 17,
    "user_id": null,
    "created_at": "2025-05-02T00:30:41.033Z",
    "updated_at": "2025-05-02T00:30:41.033Z"
  },
  {
    "id": 18,
    "user_id": null,
    "created_at": "2025-05-02T00:31:50.725Z",
    "updated_at": "2025-05-02T00:31:50.725Z"
  },
  {
    "id": 19,
    "user_id": null,
    "created_at": "2025-05-02T00:32:14.257Z",
    "updated_at": "2025-05-02T00:32:14.257Z"
  },
  {
    "id": 20,
    "user_id": null,
    "created_at": "2025-05-02T00:33:35.666Z",
    "updated_at": "2025-05-02T00:33:35.666Z"
  },
  {
    "id": 21,
    "user_id": null,
    "created_at": "2025-05-02T00:34:32.225Z",
    "updated_at": "2025-05-02T00:34:32.225Z"
  },
  {
    "id": 22,
    "user_id": null,
    "created_at": "2025-05-02T00:34:37.966Z",
    "updated_at": "2025-05-02T00:34:37.966Z"
  },
  {
    "id": 23,
    "user_id": 1,
    "created_at": "2025-05-02T04:37:11.489Z",
    "updated_at": "2025-05-02T04:37:11.489Z"
  }
]